alpha,Beta,CL,CDi,CDv,CD,CY,Cl,Cm,Cn,Cni,QInf,XCP,Cm_ref_c4,Cm_ref_ACfit,x_ACfit_frac_c,x_ACfit_m_desde_LE,c_ref_m
-2.0,0.0,0.002728,0.000713,0.023493,0.024206,0.0,0.0,-0.09781,0.0,0.0,23.0,51.5003,-0.09712799999999999,-0.09716892227112875,0.23499916747479607,0.35320374871461846,1.503
-1.75,0.0,0.030099,0.000666,0.02074,0.021406,0.0,0.0,-0.105573,0.0,0.0,23.0,5.387,-0.09804825,-0.09849976005817611,0.23499916747479607,0.35320374871461846,1.503
-1.5,0.0,0.057817,0.000635,0.018728,0.019363,0.0,0.0,-0.113254,0.0,0.0,23.0,3.0135,-0.09879974999999999,-0.09966705313410971,0.23499916747479607,0.35320374871461846,1.503
-1.25,0.0,0.084527,0.000621,0.017222,0.017844,0.0,0.0,-0.120446,0.0,0.0,23.0,2.1207,-0.09931424999999999,-0.10058222537085791,0.23499916747479607,0.35320374871461846,1.503
-1.0,0.0,0.11084,0.000643,0.016117,0.01676,0.0,-0.0,-0.127401,0.0,0.0,23.0,1.7873,-0.09969099999999999,-0.1013536922770936,0.23499916747479607,0.35320374871461846,1.503
-0.75,0.0,0.136002,0.000692,0.015049,0.015741,0.0,0.0,-0.133784,0.0,0.0,23.0,1.4269,-0.09978349999999998,-0.10182364322509277,0.23499916747479607,0.35320374871461846,1.503
-0.5,0.0,0.160208,0.000771,0.01421,0.014981,0.0,0.0,-0.139598,0.0,0.0,23.0,1.2345,-0.099546,-0.10194925337719787,0.23499916747479607,0.35320374871461846,1.503
-0.25,0.0,0.183365,0.000877,0.013381,0.014259,0.0,0.0,-0.144924,0.0,0.0,23.0,1.1683,-0.09908275,-0.10183337765598402,0.23499916747479607,0.35320374871461846,1.503
0.0,0.0,0.206662,0.001015,0.01274,0.013755,0.0,0.0,-0.150145,0.0,-0.0,23.0,1.0956,-0.0984795,-0.10157960205132369,0.23499916747479607,0.35320374871461846,1.503
0.25,0.0,0.23059,0.001202,0.012114,0.013316,0.0,0.0,-0.155688,0.0,-0.0,23.0,1.0267,-0.0980405,-0.10149954197198677,0.23499916747479607,0.35320374871461846,1.503
0.5,0.0,0.254618,0.001411,0.011651,0.013062,0.0,-0.0,-0.161282,0.0,-0.0,23.0,0.9606,-0.0976275,-0.10144698197590238,0.23499916747479607,0.35320374871461846,1.503
0.75,0.0,0.278204,0.001644,0.011182,0.012826,0.0,0.0,-0.166692,0.0,-0.0,23.0,0.9068,-0.097141,-0.10131429161184184,0.23499916747479607,0.35320374871461846,1.503
1.0,0.0,0.30183,0.001909,0.010829,0.012738,0.0,-0.0,-0.172152,0.0,-0.0,23.0,0.8608,-0.0966945,-0.10122220128108231,0.23499916747479607,0.35320374871461846,1.503
1.25,0.0,0.325591,0.002195,0.010485,0.01268,0.0,-0.0,-0.177658,0.0,-0.0,23.0,0.8217,-0.09626025,-0.10114438606271368,0.23499916747479607,0.35320374871461846,1.503
1.5,0.0,0.349015,0.002503,0.010231,0.012734,0.0,-0.0,-0.183019,0.0,0.0,23.0,0.7891,-0.09576524999999998,-0.10100076556378403,0.23499916747479607,0.35320374871461846,1.503
1.75,0.0,0.372856,0.002836,0.009983,0.012819,0.0,-0.0,-0.188551,0.0,-0.0,23.0,0.76,-0.09533699999999999,-0.10093015041201743,0.23499916747479607,0.35320374871461846,1.503
2.0,0.0,0.396216,0.00319,0.009825,0.013016,0.0,-0.0,-0.193896,0.0,-0.0,23.0,0.7353,-0.09484200000000001,-0.1007855698598062,0.23499916747479607,0.35320374871461846,1.503
2.25,0.0,0.420361,0.003574,0.009691,0.013265,0.0,-0.0,-0.199597,0.0,0.0,23.0,0.7128,-0.09450675,-0.10081251496112725,0.23499916747479607,0.35320374871461846,1.503
2.5,0.0,0.443585,0.00398,0.009581,0.01356,0.0,-0.0,-0.204951,0.0,-0.0,23.0,0.693,-0.09405474999999999,-0.10070889429569257,0.23499916747479607,0.35320374871461846,1.503
2.75,0.0,0.467833,0.004416,0.009507,0.013922,0.0,-0.0,-0.210757,0.0,-0.0,23.0,0.6752,-0.09379875,-0.10081663448276373,0.23499916747479607,0.35320374871461846,1.503
3.0,0.0,0.491139,0.004872,0.00948,0.014352,0.0,0.0,-0.216231,0.0,-0.0,23.0,0.6594,-0.09344625000000001,-0.10081374388559614,0.23499916747479607,0.35320374871461846,1.503
3.25,0.0,0.514807,0.005348,0.009461,0.014809,0.0,-0.0,-0.221811,0.0,-0.0,23.0,0.6449,-0.09310925,-0.10083178358980266,0.23499916747479607,0.35320374871461846,1.503
3.5,0.0,0.5385,0.005853,0.009476,0.015329,0.0,-0.0,-0.22745,0.0,-0.0,23.0,0.6319,-0.09282500000000002,-0.10090294831482233,0.23499916747479607,0.35320374871461846,1.503
3.75,0.0,0.562059,0.006386,0.009512,0.015898,0.0,-0.0,-0.233085,0.0,-0.0,23.0,0.62,-0.09257024999999999,-0.10100160292828358,0.23499916747479607,0.35320374871461846,1.503
4.0,0.0,0.585638,0.006948,0.009569,0.016517,0.0,-0.0,-0.238743,0.0,-0.0,23.0,0.6091,-0.09233350000000001,-0.10111855755839538,0.23499916747479607,0.35320374871461846,1.503
4.25,0.0,0.608811,0.007519,0.009642,0.01716,0.0,-0.0,-0.24419,0.0,0.0,23.0,0.5988,-0.09198724999999999,-0.10111992185050192,0.23499916747479607,0.35320374871461846,1.503
4.5,0.0,0.631832,0.008099,0.009715,0.017814,0.0,-0.0,-0.249573,0.0,0.0,23.0,0.5894,-0.091615,-0.10109300601606466,0.23499916747479607,0.35320374871461846,1.503
4.75,0.0,0.654845,0.008715,0.009808,0.018523,0.0,-0.0,-0.254997,0.0,-0.0,23.0,0.5806,-0.09128574999999997,-0.10110897017496714,0.23499916747479607,0.35320374871461846,1.503
5.0,0.0,0.67799,0.009369,0.009908,0.019277,0.0,0.0,-0.260529,0.0,-0.0,23.0,0.5726,-0.09103150000000002,-0.10120191444376303,0.23499916747479607,0.35320374871461846,1.503
5.25,0.0,0.701051,0.010047,0.010033,0.02008,0.0,-0.0,-0.266044,0.0,-0.0,23.0,0.5651,-0.09078125000000001,-0.10129759864262675,0.23499916747479607,0.35320374871461846,1.503
5.5,0.0,0.723905,0.010735,0.010175,0.02091,0.0,-0.0,-0.271483,0.0,0.0,23.0,0.558,-0.09050674999999997,-0.10136592766915772,0.23499916747479607,0.35320374871461846,1.503
5.75,0.0,0.746526,0.011438,0.010318,0.021756,0.0,-0.0,-0.276801,0.0,0.0,23.0,0.5513,-0.09016950000000001,-0.1013680115017104,0.23499916747479607,0.35320374871461846,1.503
6.0,0.0,0.769165,0.012162,0.010488,0.022651,0.0,-0.0,-0.282108,0.0,0.0,23.0,0.5449,-0.08981675000000003,-0.10135486534924851,0.23499916747479607,0.35320374871461846,1.503
6.25,0.0,0.791589,0.012912,0.010673,0.023585,0.0,-0.0,-0.287363,0.0,-0.0,23.0,0.539,-0.08946574999999998,-0.10134024401779362,0.23499916747479607,0.35320374871461846,1.503
6.5,0.0,0.813967,0.013681,0.010856,0.024537,0.0,-0.0,-0.292611,0.0,-0.0,23.0,0.5333,-0.08911925000000001,-0.10132943264804267,0.23499916747479607,0.35320374871461846,1.503
6.75,0.0,0.836277,0.01447,0.01106,0.025531,0.0,-0.0,-0.297812,0.0,-0.0,23.0,0.5279,-0.08874275000000001,-0.10128760122167998,0.23499916747479607,0.35320374871461846,1.503
7.0,0.0,0.858367,0.015275,0.01129,0.026565,0.0,-0.0,-0.302948,0.0,-0.0,23.0,0.5227,-0.08835625,-0.10123246961216173,0.23499916747479607,0.35320374871461846,1.503
7.25,0.0,0.880436,0.0161,0.011509,0.027609,0.0,-0.0,-0.308085,0.0,-0.0,23.0,0.5179,-0.087976,-0.10118327298516044,0.23499916747479607,0.35320374871461846,1.503
7.5,0.0,0.90235,0.016941,0.011739,0.02868,0.0,-0.0,-0.313136,0.0,0.0,23.0,0.5131,-0.08754850000000003,-0.1010845012291178,0.23499916747479607,0.35320374871461846,1.503
7.75,0.0,0.924061,0.017799,0.011998,0.029797,0.0,-0.0,-0.31812,0.0,-0.0,23.0,0.5086,-0.08710475000000001,-0.10096643430407248,0.23499916747479607,0.35320374871461846,1.503
8.0,0.0,0.945746,0.018679,0.012241,0.03092,0.0,-0.0,-0.323114,0.0,0.0,23.0,0.5043,-0.08667750000000002,-0.10086447735738152,0.23499916747479607,0.35320374871461846,1.503
8.25,0.0,0.967027,0.019567,0.012513,0.03208,0.0,-0.0,-0.327957,0.0,0.0,23.0,0.5001,-0.08620025,-0.10070646007435038,0.23499916747479607,0.35320374871461846,1.503
8.5,0.0,0.987866,0.020463,0.012816,0.03328,0.0,0.0,-0.332652,0.0,-0.0,23.0,0.4961,-0.0856855,-0.1005043124233431,0.23499916747479607,0.35320374871461846,1.503
8.6,0.0,0.996336,0.020787,0.012938,0.033724,0.0,0.0,-0.334551,0.0,0.0,23.0,0.4945,-0.08546699999999999,-0.10041286947483158,0.23499916747479607,0.35320374871461846,1.503
8.61,0.0,0.997094,0.020839,0.012947,0.033786,0.0,-0.0,-0.334722,0.0,0.0,23.0,0.4944,-0.08544850000000001,-0.10040574010588568,0.23499916747479607,0.35320374871461846,1.503
8.62,0.0,0.997808,0.020895,0.012957,0.033852,0.0,0.0,-0.334883,0.0,0.0,23.0,0.4943,-0.08543099999999998,-0.10039895070030866,0.23499916747479607,0.35320374871461846,1.503
8.63,0.0,0.998569,0.020946,0.012965,0.033911,0.0,-0.0,-0.335056,0.0,0.0,23.0,0.4941,-0.08541375000000001,-0.10039311633386036,0.23499916747479607,0.35320374871461846,1.503
8.64,0.0,0.999356,0.020992,0.012974,0.033966,0.0,-0.0,-0.335235,0.0,-0.0,23.0,0.494,-0.085396,-0.1003871719890577,0.23499916747479607,0.35320374871461846,1.503
8.65,0.0,1.000161,0.021035,0.012983,0.034018,0.0,-0.0,-0.335418,0.0,0.0,23.0,0.4938,-0.08537774999999997,-0.10038099765924047,0.23499916747479607,0.35320374871461846,1.503
8.66,0.0,1.000977,0.021076,0.012992,0.034068,0.0,0.0,-0.335605,0.0,-0.0,23.0,0.4937,-0.08536074999999999,-0.10037623833858103,0.23499916747479607,0.35320374871461846,1.503
8.67,0.0,1.001801,0.021116,0.013001,0.034117,0.0,-0.0,-0.335792,0.0,0.0,23.0,0.4935,-0.08534175,-0.10036959902458181,0.23499916747479607,0.35320374871461846,1.503
8.68,0.0,1.00263,0.021155,0.013011,0.034165,0.0,-0.0,-0.335981,0.0,-0.0,23.0,0.4934,-0.0853235,-0.10036378471474522,0.23499916747479607,0.35320374871461846,1.503
8.69,0.0,1.003462,0.021193,0.01302,0.034213,0.0,-0.0,-0.336171,0.0,-0.0,23.0,0.4932,-0.08530549999999998,-0.10035826540740617,0.23499916747479607,0.35320374871461846,1.503
8.7,0.0,1.004296,0.021231,0.01303,0.034261,0.0,-0.0,-0.336361,-0.0,-0.0,23.0,0.4931,-0.085287,-0.1003522761017322,0.23499916747479607,0.35320374871461846,1.503
8.71,0.0,1.005132,0.021269,0.013039,0.034308,0.0,0.0,-0.336551,0.0,-0.0,23.0,0.4929,-0.08526800000000001,-0.10034581679772328,0.23499916747479607,0.35320374871461846,1.503
8.72,0.0,1.005963,0.021306,0.01305,0.034356,0.0,-0.0,-0.33674,0.0,-0.0,23.0,0.4928,-0.08524925,-0.10033953248955171,0.23499916747479607,0.35320374871461846,1.503
8.73,0.0,1.006793,0.021344,0.01306,0.034404,0.0,-0.0,-0.336928,0.0,-0.0,23.0,0.4926,-0.08522974999999999,-0.10033248318054763,0.23499916747479607,0.35320374871461846,1.503
8.74,0.0,1.007623,0.021381,0.013071,0.034452,0.0,-0.0,-0.337115,0.0,0.0,23.0,0.4925,-0.08520925000000001,-0.10032443387154358,0.23499916747479607,0.35320374871461846,1.503
8.75,0.0,1.008688,0.021379,0.013084,0.034464,0.0,-0.0,-0.337357,0.0,-0.0,23.0,0.4923,-0.08518500000000001,-0.10031615975818292,0.23499916747479607,0.35320374871461846,1.503
9.0,0.0,1.028776,0.022293,0.013435,0.035728,0.0,-0.0,-0.341788,-0.0,-0.0,23.0,0.4885,-0.084594,-0.1000264964819492,0.23499916747479607,0.35320374871461846,1.503
9.25,0.0,1.048593,0.023219,0.013812,0.037031,0.0,0.0,-0.346138,0.0,-0.0,23.0,0.4849,-0.08398974999999997,-0.09971951798010115,0.23499916747479607,0.35320374871461846,1.503
9.5,0.0,1.068631,0.02417,0.014137,0.038307,0.0,-0.0,-0.350584,-0.0,-0.0,23.0,0.4815,-0.08342624999999998,-0.09945660466224115,0.23499916747479607,0.35320374871461846,1.503
9.75,0.0,1.087723,0.025107,0.014563,0.03967,0.0,-0.0,-0.354663,0.0,0.0,23.0,0.478,-0.08273225000000001,-0.09904900055681237,0.23499916747479607,0.35320374871461846,1.503
10.0,0.0,1.106674,0.026051,0.015001,0.041052,0.0,-0.0,-0.358685,0.0,0.0,23.0,0.4746,-0.08201649999999999,-0.09861753133399753,0.23499916747479607,0.35320374871461846,1.503
10.25,0.0,1.125599,0.02702,0.015407,0.042427,0.0,-0.0,-0.36272,0.0,0.0,23.0,0.4714,-0.08132024999999998,-0.098205172089537,0.23499916747479607,0.35320374871461846,1.503
